{
    "setting": {},
    "condition": {
        "plugin": {
            "list": []
        },
        "game": {
            "list": []
        },
        "gamePlugin": {
            "list": []
        },
        "miniprogram": {
            "list": [
                {
                    "name": "股票信息",
                    "pathName": "pages/stock/stock",
                    "query": "",
                    "scene": null
                },
                {
                    "name": "股票买入",
                    "pathName": "pages/stockDetail/stockDetial",
                    "query": "id=b00064a76082b9a41097703435061d40",
                    "scene": null
                },
                {
                    "name": "实时股票",
                    "pathName": "pages/news/news",
                    "query": "",
                    "scene": null
                },
                {
                    "name": "股票资讯",
                    "pathName": "pages/newsDetail/newsDetail",
                    "query": "",
                    "scene": null
                },
                {
                    "name": "走势预测",
                    "pathName": "pages/forecast/forecast",
                    "query": "",
                    "scene": null
                },
                {
                    "name": "个人界面",
                    "pathName": "pages/my/my",
                    "query": "",
                    "scene": null
                },
                {
                    "name": "数据操作",
                    "pathName": "pages/dataOperate/dataOperate",
                    "query": "",
                    "scene": null
                }
            ]
        }
    }
}