{
  "setting": {},
  "condition": {
    "plugin": {
      "list": []
    },
    "game": {
      "list": []
    },
    "gamePlugin": {
      "list": []
    },
    "miniprogram": {
      "list": [
        {
          "name": "pages/study/study",
          "pathName": "pages/study/study",
          "query": "",
          "scene": null
        },
        {
          "name": "pages/history/history",
          "pathName": "pages/history/history",
          "query": "",
          "scene": null
        },
        {
          "name": "pages/declaration/declaration",
          "pathName": "pages/declaration/declaration",
          "scene": null
        }
      ]
    }
  }
}