{
  "setting": {},
  "condition": {
    "plugin": {
      "list": []
    },
    "game": {
      "list": []
    },
    "gamePlugin": {
      "list": []
    },
    "miniprogram": {
      "list": [
        {
          "name": "日历",
          "pathName": "pages/calendar/calendar",
          "query": "",
          "scene": null
        },
        {
          "name": "党史今天",
          "pathName": "pages/todayInHistory/todayInHistory",
          "query": "",
          "scene": null
        },
        {
          "name": "每日一学",
          "pathName": "pages/learn/learn",
          "query": "",
          "scene": null
        },
        {
          "name": "详情页",
          "pathName": "pages/detail/detail",
          "query": "articleId=200",
          "scene": null
        },
        {
          "name": "抗疫",
          "pathName": "pages/mine/mine",
          "query": "",
          "scene": null
        }
      ]
    }
  }
}